순번,상호명,수거종류,수거방법,수거장소(주소),장소구분,수거비용,위도,경도
1865,e편한세상대전에코포레아파트,중소폐가전,수거함 설치,대전광역시 동구 용운로 203 ,공동주택(아파트 등),무상,36.328945, 127.463929
1866,e편한세상아파트,중소폐가전,수거함 설치,대전광역시 대덕구 중리북로 46 ,공동주택(아파트 등),무상,36.367711,127.425032
1868,가양2동행정복지센터,중소폐가전,수거함 설치,대전광역시 동구 흥룡로 33 ,"지자체(구청, 행정복지센터 등)",무상,36.349038, 127.447398
1903,계룡문화아파트,중소폐가전,수거함 설치,대전광역시 중구 천근로69번길 114 ,공동주택(아파트 등),무상,36.313251, 127.405247
1904,계룡아파트,중소폐가전,수거함 설치,대전광역시 중구 계룡로929번길 40 ,공동주택(아파트 등),무상,36.320604, 127.417288
1930,그린타운아파트,중소폐가전,수거함 설치,대전광역시 대덕구 동춘당로 151 ,공동주택(아파트 등),무상,36.366894, 127.435120
1933,금강로하스엘크루 아파트,중소폐가전,수거함 설치,대전광역시 대덕구 대덕대로 1587 ,공동주택(아파트 등),무상,36.453081, 127.422825
1935,금강엑슬루타워 아파트,중소폐가전,수거함 설치,대전광역시 대덕구 대덕대로 1555 ,공동주택(아파트 등),무상,36.451628, 127.420324
1950,금호한사랑아파트,중소폐가전,수거함 설치,대전광역시 중구 동서대로 1388 ,공동주택(아파트 등),무상,36.331829, 127.412705
1961,남대전e편한세상아파트,중소폐가전,수거함 설치,대전광역시 동구 산내로 1330 ,공동주택(아파트 등),무상,36.282463, 127.469153
1968,노은3영무예다음,중소폐가전,수거함 설치,대전광역시 유성구 지족로 92 ,공동주택(아파트 등),무상,36.374608, 127.307030
1973,다사랑아파트,중소폐가전,수거함 설치,대전광역시 대덕구 대덕대로1470번길 55 ,공동주택(아파트 등),무상,36.446966, 127.413645
1990,대미리치빌아파트,중소폐가전,수거함 설치,대전광역시 중구 대흥로111번길 24 ,공동주택(아파트 등),무상,36.324309, 127.424507
1994,대사동 행정복지센터,중소폐가전,수거함 설치,대전광역시 중구 충무로74번길 14 ,"지자체(구청, 행정복지센터 등)",무상,36.316469, 127.424740
1997,대우새여울 아파트,중소폐가전,수거함 설치,대전광역시 대덕구 대청로64번길 41 ,공동주택(아파트 등),무상,36.451036, 127.436779
2001,반석마을 4단지,중소폐가전,수거함 설치,대전광역시 유성구 반석로 46 ,공동주택(아파트 등),무상,36.392120, 127.309567
2003,대전중촌2,중소폐가전,수거함 설치,대전광역시 중구 대전천서로 695 ,공동주택(아파트 등),무상,36.344437, 127.410391
2004,대주파크빌아파트,중소폐가전,수거함 설치,대전광역시 동구 충정로 136 ,공동주택(아파트 등),무상,36.343927, 127.448898
2005,대청동행정복지센터,중소폐가전,수거함 설치,대전광역시 동구 옥천로 633 ,"지자체(구청, 행정복지센터 등)",무상,36.343603, 127.492625
2009,대화동행정복지센터,중소폐가전,수거함 설치,대전광역시 대덕구 동심5길 10 ,"지자체(구청, 행정복지센터 등)",무상,36.366561, 127.411437
2012,대흥동 행정복지센터,중소폐가전,수거함 설치,대전광역시 중구 대흥로 109 ,"지자체(구청, 행정복지센터 등)",무상,36.323408, 127.424201
2013,대흥동 현대1차아파트,중소폐가전,수거함 설치,대전광역시 중구 대흥로 176-15 ,공동주택(아파트 등),무상,36.323718, 127.431817
2014,대흥동 현대2차아파트,중소폐가전,수거함 설치,대전광역시 중구 보문로162번길 23 ,공동주택(아파트 등),무상,36.318748, 127.426825
2019,덕암아파트,중소폐가전,수거함 설치,대전광역시 대덕구 덕암로265번길 81 ,공동주택(아파트 등),무상,36.445910, 127.421896
2042,동일스위트리버스카이,중소폐가전,수거함 설치,대전광역시 대덕구 대청로 43 ,공동주택(아파트 등),무상,36.453069, 127.431538
2049,둔곡우미린,중소폐가전,수거함 설치,대전광역시 유성구 과학성장로 80 ,공동주택(아파트 등),무상,36.454605, 127.364883
2074,목동 행정복지센터,중소폐가전,수거함 설치,대전광역시 중구 목중로39번길 39 ,"지자체(구청, 행정복지센터 등)",무상,36.335914, 127.408511
2075,목동더샵리슈빌,중소폐가전,수거함 선화 설치,대전광역시 중구서로 115 ,공동주택(아파트 등),무상,36.333159, 127.413908
2081,문창동 행정복지센터,중소폐가전,수거함 설치,대전광역시 중구 보문로20번길 38 ,"지자체(구청, 행정복지센터 등)",무상,36.316180, 127.437928
2082,문화1동 행정복지센터,중소폐가전,수거함 설치,대전광역시 중구 문화로 195 ,"지자체(구청, 행정복지센터 등)",무상,36.315285, 127.406461
2083,문화2동 행정복지센터,중소폐가전,수거함 설치,대전광역시 중구 당디로6번길 90 ,"지자체(구청, 행정복지센터 등)",무상,36.307733, 127.399238
2084,문화주공2단지,중소폐가전,수거함 설치,대전광역시 중구 산성로 108-24 ,공동주택(아파트 등),무상,36.309410, 127.399004
2086,미르마을아파트,중소폐가전,수거함 설치,대전광역시 중구 선화로22번길 25 ,공동주택(아파트 등),무상,36.325043, 127.413553
2097,버드내2단지 동양아파트,중소폐가전,수거함 설치,대전광역시 중구 태평로 35 ,공동주택(아파트 등),무상,36.320560, 127.392195
2099,법2동행정복지센터,중소폐가전,수거함 설치,대전광역시 대덕구 동춘당로 187 ,"지자체(구청, 행정복지센터 등)",무상,36.367230, 127.430949
2122,부사동 행정복지센터,중소폐가전,수거함 설치,대전광역시 중구 보문로68번길 20 ,"지자체(구청, 행정복지센터 등)",무상,36.353734, 127.455257
2146,비래 현대아파트,중소폐가전,수거함 설치,대전광역시 대덕구 우암로 394 ,공동주택(아파트 등),무상,36.353734, 127.455257
2147,비래동행정복지센터,중소폐가전,수거함 설치,대전광역시 대덕구 비래동로 10 ,"지자체(구청, 행정복지센터 등)",무상,36.354899, 127.449939
2155,산내동행정복지센터,중소폐가전,수거함 설치,대전광역시 동구 산내로1257번길 53 ,"지자체(구청, 행정복지센터 등)",무상,36.276518, 127.466902
2156,산성동 행정복지센터,중소폐가전,수거함 설치,대전광역시 중구 대둔산로 403 ,"지자체(구청, 행정복지센터 등)",무상,36.305433, 127.386168
2157,산성한밭가든,중소폐가전,수거함 설치,대전광역시 중구 보문산로 31 ,공동주택(아파트 등),무상,36.305580, 127.384067
2163,삼부3단지아파트,중소폐가전,수거함 설치,대전광역시 중구 태평로 65 ,공동주택(아파트 등),무상,36.323796, 127.391371
2164,삼부4단지아파트,중소폐가전,수거함 설치,대전광역시 중구 태평로 55 ,공동주택(아파트 등),무상,36.322472, 127.391870
2165,삼부5단지아파트,중소폐가전,수거함 설치,대전광역시 중구 태평로 89 ,공동주택(아파트 등),무상,36.324757, 127.393185
2170,삼성동행정복지센터,중소폐가전,수거함 설치,대전광역시 동구 태전로 138-12 ,"지자체(구청, 행정복지센터 등)",무상,36.340630, 127.422164
2172,삼성타운아파트(2단지),중소폐가전,수거함 설치,대전광역시 동구 우암로 133-1 ,공동주택(아파트 등),무상,36.340851, 127.431933
2173,삼성푸른아파트,중소폐가전,수거함 설치,대전광역시 중구 보문산로161번길 55 ,공동주택(아파트 등),무상,36.398984, 127.398780
2176,삼익세라믹아파트,중소폐가전,수거함 설치,대전광역시 동구 대전로340번길 20 ,공동주택(아파트 등),무상,36.298306, 127.461221
2177,삼익아파트,중소폐가전,수거함 설치,대전광역시 중구 서문로 119 ,공동주택(아파트 등),무상,36.318503, 127.405640
2178,삼정그린코아포레스트2단지아파트,중소폐가전,수거함 설치,대전광역시 동구 새울로 19 ,공동주택(아파트 등),무상,36.320548, 127.461487
2182,삼호아파트,중소폐가전,수거함 설치,대전광역시 대덕구 비래서로 42 ,공동주택(아파트 등),무상,36.373014, 127.425679
2186,상서동행복주택,중소폐가전,수거함 설치,대전광역시 대덕구 새말3길 41 ,공동주택(아파트 등),무상,36.423942, 127.424506
2193,새들뫼휴먼시아1단지아파트,중소폐가전,수거함 설치,대전광역시 동구 계족로 137 ,공동주택(아파트 등),무상,36.327459, 127.442045
2194,새피앙아파트,중소폐가전,수거함 설치,대전광역시 동구 홍도로46번길 20 ,공동주택(아파트 등),무상,36.350694, 127.429512
2203,서한이다음1단지,중소폐가전,수거함 설치,대전광역시 유성구 과학성장로 77 ,공동주택(아파트 등),무상,36.455362, 127.363267
2206,석교동 행정복지센터,중소폐가전,수거함 설치,대전광역시 중구 대종로 228 ,"지자체(구청, 행정복지센터 등)",무상,36.309704, 127.442411
2209,석천들아파트,중소폐가전,수거함 설치,대전광역시 동구 산내로1257번길 40 ,공동주택(아파트 등),무상,36.277417, 127.467737
2221,선화동 선호아파트,중소폐가전,수거함 설치,대전광역시 중구 대종로 583 ,공동주택(아파트 등),무상,36.333871, 127.418901
2222,선화센트럴뷰,중소폐가전,수거함 설치,대전광역시 중구 중앙로 45 ,공동주택(아파트 등),무상,36.323927, 127.416671
2237,성산마을우남스타원,중소폐가전,수거함 설치,대전광역시 중구 안영로 68 ,공동주택(아파트 등),무상,36.294811, 127.382850
2247,센트럴 스타클래스,중소폐가전,수거함 설치,대전광역시 중구 중앙로 28 ,공동주택(아파트 등),무상,36.322425, 127.415354
2248,센트럴파크1단지,중소폐가전,수거함 설치,대전광역시 중구 서문로 95 ,공동주택(아파트 등),무상,36.316334, 127.406622
2249,센트럴파크2단지,중소폐가전,수거함 설치,대전광역시 중구 서문로 96 ,공동주택(아파트 등),무상,36.316998, 127.409973
2250,센트럴파크3단지 ,중소폐가전,수거함 설치,대전광역시 중구 계백로1716번길 87 ,공동주택(아파트 등),무상,36.318974, 127.412118
2251,소라아파트,중소폐가전,수거함 설치,대전광역시 대덕구 동심1길 103 ,공동주택(아파트 등),무상,36.362791, 127.413088
2255,솔랑마을아파트,중소폐가전,수거함 설치,대전광역시 동구 대전로 968 ,공동주택(아파트 등),무상,36.343279, 127.423250
2281,스마트뷰아파트,중소폐가전,수거함 설치,대전광역시 동구 성남로 15 ,공동주택(아파트 등),무상,36.343741, 127.433804
2293,신동아아파트,중소폐가전,수거함 설치,대전광역시 대덕구 한밭대로1033번길 15 ,공동주택(아파트 등),무상,36.360009, 127.411949
2300,신인동행정복지센터,중소폐가전,수거함 설치,대전광역시 동구 충무로203번길 28-25 ,"지자체(구청, 행정복지센터 등)",무상,36.323507, 127.437978
2309,신흥SK뷰아파트,중소폐가전,수거함 설치,대전광역시 동구 충무로 255 ,공동주택(아파트 등),무상,36.323576, 127.442587
2321,쌍용예가아파트,중소폐가전,수거함 설치,대전광역시 중구 평촌로 93 ,공동주택(아파트 등),무상,36.323402, 127.397020
2328,아이조움아파트,중소폐가전,수거함 설치,대전광역시 대덕구 비래서로61번길 71 ,공동주택(아파트 등),무상,36.357224, 127.452348
2337,양지마을아파트,중소폐가전,수거함 설치,대전광역시 대덕구 대전로1185번길 30 ,공동주택(아파트 등),무상,36.360407, 127.414428
2355,오광아파트,중소폐가전,수거함 설치,대전광역시 대덕구 생산5길 22 ,공동주택(아파트 등),무상,36.364440, 127.409660
2356,오류동 행정복지센터,중소폐가전,수거함 설치,대전광역시 중구 오류로 56 ,"지자체(구청, 행정복지센터 등)",무상,36.325481, 127.403845
2373,용두동 행정복지센터,중소폐가전,수거함 설치,대전광역시 중구 동서대로1322번길 111 ,"지자체(구청, 행정복지센터 등)",무상,36.325189, 127.410376
2379,용운한화꿈에그린아파트,중소폐가전,수거함 설치,대전광역시 동구 대학로50번길 53 ,공동주택(아파트 등),무상,36.331842, 127.457185
2380,용전동행정복지센터,중소폐가전,수거함 설치,대전광역시 동구 계족로 515 ,"지자체(구청, 행정복지센터 등)",무상,36.357694, 127.432393
2390,우방아이유쉘스카이팰리스,중소폐가전,수거함 설치,대전광역시 중구 오류로 31 ,공동주택(아파트 등),무상,36.323204, 127.403912
2427,유등마을아파트,중소폐가전,수거함 설치,대전광역시 중구 수침로 138 ,공동주택(아파트 등),무상,36.331806, 127.398829
2428,유등탑스빌,중소폐가전,수거함 설치,대전광역시 중구 유천로33번길 106 ,공동주택(아파트 등),무상,36.314455, 127.392668
2430,유성구청,중소폐가전,수거함 설치,대전광역시 유성구 대학로 211 ,"지자체(구청, 행정복지센터 등)",무상,36.362077, 127.356374
2431,유천1동 행정복지센터,중소폐가전,수거함 설치,대전광역시 중구 계백로1566번길 57 ,"지자체(구청, 행정복지센터 등)",무상,36.315029, 127.395237
2432,유천2동 행정복지센터,중소폐가전,수거함 설치,대전광역시 중구 문화로133번길 55 ,"지자체(구청, 행정복지센터 등)",무상,36.315367, 127.399202
2433,유천현대2차아파트,중소폐가전,수거함 설치,대전광역시 중구 계백로1615번길 34 ,공동주택(아파트 등),무상,36.320939, 127.400665
2436,은어송마을2단지아파트,중소폐가전,수거함 설치,대전광역시 동구 동구청로 35 ,공동주택(아파트 등),무상,36.303435, 127.458296
2437,은어송마을3단지아파트,중소폐가전,수거함 설치,대전광역시 동구 은어송로 117 ,공동주택(아파트 등),무상,36.311252, 127.460104
2438,은어송마을5단지우미린아파트,중소폐가전,수거함 설치,대전광역시 동구 은어송로 100 ,공동주택(아파트 등),무상,36.308283, 127.459562
2439,은어송마을6단지아파트,중소폐가전,수거함 설치,대전광역시 동구 신기로 100 ,공동주택(아파트 등),무상,36.309670, 127.457089
2440,은어송코오롱하늘채2차,중소폐가전,수거함 설치,대전광역시 동구 동구청로 35 ,공동주택(아파트 등),무상,36.298401, 127.459603
2441,은행선화동 행정복지센터,중소폐가전,수거함 설치,대전광역시 중구 보문로337번길 33 ,"지자체(구청, 행정복지센터 등)",무상,36.332394, 127.416654
2458,자양동행정복지센터,중소폐가전,수거함 설치,대전광역시 동구 백룡로 16 ,"지자체(구청, 행정복지센터 등)",무상,36.335524, 127.448647
2460,장미시영,중소폐가전,수거함 설치,대전광역시 중구 수침로 42 ,공동주택(아파트 등),무상,36.323092, 127.400912
2480,중리동행정복지센터,중소폐가전,수거함 설치,대전광역시 대덕구 중리남로 47 ,"지자체(구청, 행정복지센터 등)",무상,36.360623, 127.426414
2483,중존동 행정복지센터,중소폐가전,수거함 설치,대전광역시 중구 대종로 663-7 ,"지자체(구청, 행정복지센터 등)",무상,36.338877, 127.412397
2484,중촌금호아파트,중소폐가전,수거함 설치,대전광역시 중구 대종로 713 ,공동주택(아파트 등),무상,36.341345, 127.407549
2485,중촌시영아파트,중소폐가전,수거함 설치,대전광역시 중구 대종로 701 ,공동주택(아파트 등),무상,36.341182, 127.408991
2486,중촌주공3단지아파트,중소폐가전,수거함 설치,대전광역시 중구 목중로 69 ,공동주택(아파트 등),무상,36.338664, 127.406616
2536,태평1동 행정복지센터,중소폐가전,수거함 설치,대전광역시 중구 동서대로 1234 ,"지자체(구청, 행정복지센터 등)",무상,36.327922, 127.397381
2537,태평아파트,중소폐가전,수거함 설치,대전광역시 중구 평촌로 111 ,공동주택(아파트 등),무상,36.323866, 127.399254
2538,파라곤아파트,중소폐가전,수거함 설치,대전광역시 중구 유등천동로 428 ,공동주택(아파트 등),무상,36.320526, 127.388149
2539,파밀리에아파트,중소폐가전,수거함 설치,대전광역시 동구 동산초교로 46 ,공동주택(아파트 등),무상,36.348007, 127.425536
2553,판암1동행정복지센터,중소폐가전,수거함 설치,대전광역시 동구 동부로10번길 68 ,"지자체(구청, 행정복지센터 등)",무상,36.317897, 127.460171
2554,"판암주공1, 2단지아파트",중소폐가전,수거함 설치,대전광역시 동구 옥천로180번길 47-2 ,공동주택(아파트 등),무상,36.317288, 127.463295
2555,판암주공3단지아파트,중소폐가전,수거함 설치,대전광역시 동구 옥천로 152-9 ,공동주택(아파트 등),무상,36.316256, 127.458266
2556,판암주공4단지아파트,중소폐가전,수거함 설치,대전광역시 동구 동부로 56-7 ,공동주택(아파트 등),무상,36.321581, 127.460447
2561,푸른뫼아파트,중소폐가전,수거함 설치,대전광역시 중구 수침로 122 ,공동주택(아파트 등),무상,36.329774, 127.399384
2579,학하동 행정복지센터,중소폐가전,수거함 설치,대전광역시 유성구 학하동 716-7 ,"지자체(구청, 행정복지센터 등)",무상,36.341134, 127.308593
2581,학하리슈빌포레,중소폐가전,수거함 설치,대전광역시 유성구 학하남로90번길 76 ,공동주택(아파트 등),무상,36.334077, 127.309269
2586,한마음아파트,중소폐가전,수거함 설치,대전광역시 대덕구 계족로664번길 27 ,공동주택(아파트 등),무상,36.371001, 127.431204
2587,한밭우성아파트,중소폐가전,수거함 설치,대전광역시 중구 서문로 32 ,공동주택(아파트 등),무상,36.311649, 127.409298
2595,행복한마을아파트,중소폐가전,수거함 설치,대전광역시 대덕구 덕암로 200 ,공동주택(아파트 등),무상,36.438085, 127.424122
2602,현대아파트,중소폐가전,수거함 설치,대전광역시 대덕구 우암로 394 ,공동주택(아파트 등),무상,36.353792, 127.455350
2608,홍도동행정복지센터,중소폐가전,수거함 설치,대전광역시 동구 동산초교로34번길 56 ,"지자체(구청, 행정복지센터 등)",무상,36.348979, 127.425782
2609,홍도아파트,중소폐가전,수거함 설치,대전광역시 동구 동서대로 1579 ,공동주택(아파트 등),무상,36.344416, 127.426871
2615,효동행정복지센터,중소폐가전,수거함 설치,대전광역시 동구 계족로 24 ,"지자체(구청, 행정복지센터 등)",무상,36.316088, 127.440818
2865,대전시청자미디어센터,중소폐가전,수거함 설치,대전광역시 유성구 대덕대로512번길 20 ,"지자체(구청, 행정복지센터 등)",무상,36.378468, 127.379588
9264,삼성디지털프라자 관저점,중소폐가전,수거함 설치,대전광역시 유성구 계백로 953 ,삼성디지털프라자,무상,36.301797, 127.329582
9269,삼성디지털프라자 대전본점,중소폐가전,수거함 설치,대전광역시 서구 대덕대로 254 ,삼성디지털프라자,무상,36.355273, 127.379878
9270,삼성디지털프라자 동대전본점,중소폐가전,수거함 설치,대전광역시 대덕구 동서대로 1751 ,삼성디지털프라자,무상,36.352539, 127.441954
9272,삼성디지털프라자 부사점,중소폐가전,수거함 설치,대전광역시 중구 대종로 282 ,삼성디지털프라자,무상,36.312192, 127.437403
9273,삼성디지털프라자 북대전점,중소폐가전,수거함 설치,대전광역시 유성구 테크노중앙로 39 ,삼성디지털프라자,무상,36.427057, 127.390258
9278,삼성디지털프라자 유성점,중소폐가전,수거함 설치,대전광역시 유성구 계룡로 111 ,삼성디지털프라자,무상,36.353551, 127.343209
9348,삼성디지털프라자 중대전본점,중소폐가전,수거함 설치,대전광역시 중구 계백로 1679 ,삼성디지털프라자,무상,36.321036, 127.405945
9446,LG베스트샵 동대전본점,중소폐가전,수거함 설치,대전광역시 동구 한밭대로 1269 ,LG베스트샵,무상,36.355120, 127.437976
9474,LG베스트샵 유성온천점,중소폐가전,수거함 설치,대전광역시 유성구 대학로 2 ,LG베스트샵,무상,36.353841, 127.342138
9494,LG베스트샵 판암점,중소폐가전,수거함 설치,대전광역시 동구 옥천로 122 ,LG베스트샵,무상,36.316934, 127.453896
9506,LG베스트샵 관저점,중소폐가전,수거함 설치,대전광역시 서구 계백로 896 ,LG베스트샵,무상,36.298807, 127.324379
9523,LG베스트샵 둔산점,중소폐가전,수거함 설치,대전광역시 서구 문예로 3 ,LG베스트샵,무상,36.346964, 127.389878
9524,LG베스트샵 둔산중앙본점,중소폐가전,수거함 설치,대전광역시 서구 대덕대로 232 ,LG베스트샵,무상,36.352385, 127.379720
9535,LG베스트샵 서대전점,중소폐가전,수거함 설치,대전광역시 중구 서문로 133 ,LG베스트샵,무상,36.320069, 127.405256
11720,노은3동 행정복지센터,중소폐가전,수거함 설치,대전 유성구 지족동로 145 (지족동) ,"지자체(구청, 행정복지센터 등)",무상,36.386799, 127.307979
11722,대덕테크노밸리 푸르지오하임 1단지,중소폐가전,수거함 설치,대전 유성구 배울2로 134 (용산동) ,공동주택(아파트 등),무상,36.417854, 127.396784
11724,대림두레아파트 ,중소폐가전,수거함 설치,대전 유성구 가정로 65 (신성동) ,공동주택(아파트 등),무상,36.386468, 127.351485
11727,반석마을 2단지 ,중소폐가전,수거함 설치,대전 유성구 지족로 343 (지족동) ,공동주택(아파트 등),무상,36.388146, 127.314262
11728,반석마을 3단지,중소폐가전,수거함 설치,대전 유성구 지족로 362 (지족동) ,공동주택(아파트 등),무상,36.386080, 127.315377
11733,송강마을2단지,중소폐가전,수거함 설치,대전 유성구 봉산로 39 (송강동) ,공동주택(아파트 등),무상,36.436493, 127.384860
11736,송림마을 4단지 ,중소폐가전,수거함 설치,대전 유성구 노은로 358 (하기동) ,공동주택(아파트 등),무상,36.389092, 127.324158
11749,원신흥동 행정복지센터,중소폐가전,수거함 설치,대전 유성구 봉명로 27-18 (원신흥동) ,"지자체(구청, 행정복지센터 등)",무상,36.342257, 127.343288
11754,전민동 행정복지센터,중소폐가전,수거함 설치,대전 유성구 유성대로 1719 (전민동) ,"지자체(구청, 행정복지센터 등)",무상,36.399986, 127.400373
11758,청구나래아파트 ,중소폐가전,수거함 설치,대전 유성구 엑스포로 501 (전민동) ,공동주택(아파트 등),무상,36.401596, 127.403506
11765,그린타운,중소폐가전,수거함 설치,대전 대덕구 동춘당로 151 ,공동주택(아파트 등),무상,36.366935, 127.435301
11766,금성백조 제2차,중소폐가전,수거함 설치,대전 대덕구 비래동로 44 ,공동주택(아파트 등),무상,36.357384, 127.451716
11771,라이프 새여울,중소폐가전,수거함 설치,대전 대덕구 대청로64번길 11 ,공동주택(아파트 등),무상,36.452588, 127.436196
11772,모아미래도,중소폐가전,수거함 설치,대전 중구 유등천동로 218 ,공동주택(아파트 등),무상,36.303667, 127.382880
11773,문화극동아파트,중소폐가전,수거함 설치,대전 중구 송리로 6 ,공동주택(아파트 등),무상,36.306399, 127.402458
11774,문화로얄아파트,중소폐가전,수거함 설치,대전 중구 서문로43번길 39 ,공동주택(아파트 등),무상,36.312218, 127.405955
11776,버드내아파트,중소폐가전,수거함 설치,대전 중구 태평로 15 ,공동주택(아파트 등),무상,36.318349, 127.389157
11777,법동주공아파트(3단지),중소폐가전,수거함 설치,대전 대덕구 계족로663번길 34 ,공동주택(아파트 등),무상,36.371271, 127.425308
11778,보람아파트(1단지),중소폐가전,수거함 설치,대전 대덕구 동춘당로 178 ,공동주택(아파트 등),무상,36.369049, 127.430968
11780,삼부1단지아파트,중소폐가전,수거함 설치,대전 중구 태평로 80 ,공동주택(아파트 등),무상,36.323878, 127.394586
11781,삼익둥지아파트,중소폐가전,수거함 설치,대전 대덕구신상로21 ,공동주택(아파트 등),무상,36.355785, 127.455899
11784,삼호아파트,중소폐가전,수거함 설치,대전 대덕구 비래서로 42 ,공동주택(아파트 등),무상,36.353966, 127.448045
11785,서오아파트,중소폐가전,수거함 설치,대전 대덕구 동춘당로23번길 13 ,공동주택(아파트 등),무상,36.360203, 127.445528
11787,선비마을2단지,중소폐가전,수거함 설치,대전 대덕구 동춘당로114번길 47 ,공동주택(아파트 등),무상,36.369119, 127.439286
11788,선비마을3단지,중소폐가전,수거함 설치,대전 대덕구 동춘당로114번길 60 ,공동주택(아파트 등),무상,36.367917, 127.440509
11789,선비마을4단지,중소폐가전,수거함 설치,대전 대덕구 계족산로 135 ,공동주택(아파트 등),무상,36.367037, 127.443889
11790,선비마을5단지,중소폐가전,수거함 설치,대전 대덕구 계족산로 136 ,공동주택(아파트 등),무상,36.364962, 127.446251
11792,선화2참좋은아파트,중소폐가전,수거함 설치,대전 중구 대전천서로 529 ,공동주택(아파트 등),무상,36.334021, 127.422705
11797,옥계 한양그린맨션아파트,중소폐가전,수거함 설치,대전 중구 학고개로57번길 82 ,공동주택(아파트 등),무상,36.296289, 127.454545
11798,용방마을 아파트,중소폐가전,수거함 설치,대전 동구 용운로 80 ,공동주택(아파트 등),무상,36.326595, 127.452235
11805,중촌금호아파트,중소폐가전,수거함 설치,대전 중구 대종로 713 ,공동주택(아파트 등),무상,36.341345, 127.407684
11806,중촌동금성백조아파트,중소폐가전,수거함 설치,대전 중구 중촌로 31 ,공동주택(아파트 등),무상,36.340319, 127.410783
11807,큰솔6차아파트,중소폐가전,수거함 설치,대전 중구 대둔산로 512 ,공동주택(아파트 등),무상,36.314636, 127.390447
11810,평화듀오빌아파트,중소폐가전,수거함 설치,대전 중구 보문로230번길 32 ,공동주택(아파트 등),무상,36.323533, 127.424718
11815,한신휴플러스,중소폐가전,수거함 설치,대전 대덕구 비래서로10번길 21 ,공동주택(아파트 등),무상,36.354811, 127.446325
11816,현대아파트,중소폐가전,수거함 설치,대전 대덕구 우암로 394 ,공동주택(아파트 등),무상,36.353801, 127.455300
11818,계룡아파트,중소폐가전,수거함 설치,대전 서구 가수원로 98 ,공동주택(아파트 등),무상,36.302955, 127.350858
11819,국화라이프,중소폐가전,수거함 설치,대전 서구 둔산로 201 ,공동주택(아파트 등),무상,36.353988, 127.397270
11820,금호한사랑아파트,중소폐가전,수거함 설치,대전 중구 동서대로 1388 ,공동주택(아파트 등),무상,36.331579, 127.412633
11821,대자연마을아파트,중소폐가전,수거함 설치,대전 서구 관저북로 52 ,공동주택(아파트 등),무상,36.306198, 127.338376
11822,대흥참좋은아파트,중소폐가전,수거함 설치,대전 중구 대종로 425 ,공동주택(아파트 등),무상,36.334011, 127.422759
11823,도안리슈빌,중소폐가전,수거함 설치,대전 서구 도안동로 123 ,공동주택(아파트 등),무상,36.315448, 127.347115
11824,도안베르디움,중소폐가전,수거함 설치,대전 서구 원도안로 100 ,공동주택(아파트 등),무상,36.313312, 127.347798
11825,둥지아파트,중소폐가전,수거함 설치,대전 서구 청사로 254 ,공동주택(아파트 등),무상,36.358877, 127.391841
11826,린풀하우스,중소폐가전,수거함 설치,대전 서구 도안동로 77 ,공동주택(아파트 등),무상,36.310241, 127.349029
11828,문화주공3단지아파트,중소폐가전,수거함 설치,대전 중구 산성로 108-23 ,공동주택(아파트 등),무상,36.309923, 127.400439
11829,백송아파트,중소폐가전,수거함 설치,대전 대덕구 대전로1397번길 79 ,공동주택(아파트 등),무상,36.380366, 127.419760
11830,버드내2단지 동양아파트,중소폐가전,수거함 설치,대전 중구 태평로 35 ,공동주택(아파트 등),무상,36.320216, 127.390683
11831,산성우성아파트,중소폐가전,수거함 설치,대전 중구 당디로 45 ,공동주택(아파트 등),무상,36.308763, 127.392884
11832,삼성아파트,중소폐가전,수거함 설치,대전 중구 계룡로 852 ,공동주택(아파트 등),무상,36.323955, 127.407433
11833,삼정그린코아포레스트1단지,중소폐가전,수거함 설치,대전 동구 동부로10번길 55 ,공동주택(아파트 등),무상,36.318504, 127.457416
11835,새들뫼2단지,중소폐가전,수거함 설치,대전 동구 계족로 135 ,공동주택(아파트 등),무상,36.326358, 127.443582
11836,새피앙아파트,중소폐가전,수거함 설치,대전 동구 홍도로46번길 20 ,공동주택(아파트 등),무상,36.350675, 127.429526
11837,샘머리2단지아파트,중소폐가전,수거함 설치,대전 서구 청사로 281 ,공동주택(아파트 등),무상,36.361379, 127.393396
11838,선화참좋은아파트,중소폐가전,수거함 설치,대전 중구 대종로 544 ,공동주택(아파트 등),무상,36.332038, 127.422301
11839,선화현대아파트,중소폐가전,수거함 설치,대전 중구 보문로 341 ,공동주택(아파트 등),무상,36.333134, 127.418282
11840,수목토마을아파트,중소폐가전,수거함 설치,대전 서구 도안동로 177 ,공동주택(아파트 등),무상,36.319638, 127.345896
11841,신대주공아파트,중소폐가전,수거함 설치,대전 대덕구 신탄진로 217 ,공동주택(아파트 등),무상,36.399892, 127.421767
11842,쌍용예가아파트,중소폐가전,수거함 설치,대전 중구 평촌로 93 ,공동주택(아파트 등),무상,36.323403, 127.396967
11843,아이파크아파트,중소폐가전,수거함 설치,대전 서구 도안동로 183 ,공동주택(아파트 등),무상,36.322340, 127.346195
11845,와동주공아파트,중소폐가전,수거함 설치,대전 대덕구 신탄진로218번길 12 ,공동주택(아파트 등),무상,36.399326, 127.425027
11846,용전푸른아파트,중소폐가전,수거함 설치,대전 동구 계족로512번길 96 ,공동주택(아파트 등),무상,36.351270, 127.428823
11847,월평주공1단지아파트,중소폐가전,수거함 설치,대전 서구 월평북로 11 ,공동주택(아파트 등),무상,36.363347, 127.369249
11848,월평주공2단지아파트,중소폐가전,수거함 설치,대전 서구 월평북로 11 ,공동주택(아파트 등),무상,36.363372, 127.370863
11849,월평주공3단지아파트,중소폐가전,수거함 설치,대전 서구 월평북로 11 ,공동주택(아파트 등),무상,36.364171, 127.372746
11851,은아1단지아파트,중소폐가전,수거함 설치,대전 서구 가수원로 72 ,공동주택(아파트 등),무상,36.301985, 127.351463
11852,은아2단지아파트,중소폐가전,수거함 설치,대전 서구 계백로1158번길 113 ,공동주택(아파트 등),무상,36.299953, 127.354947
11853,은아3단지아파트,중소폐가전,수거함 설치,대전 서구 가수원로 106 ,공동주택(아파트 등),무상,36.304075, 127.351064
11854,은아5단지아파트,중소폐가전,수거함 설치,대전 서구 가수원로 6 ,공동주택(아파트 등),무상,36.298601, 127.355613
11855,은어송코오롱하늘채2차,중소폐가전,수거함 설치,대전 동구 대전로340번길 15 ,공동주택(아파트 등),무상,36.298372, 127.459621
11856,이스트시티 1단지,중소폐가전,수거함 설치,대전 동구 동대전로46번길 30 ,공동주택(아파트 등),무상,36.327577, 127.438637
11857,이스트시티 2단지,중소폐가전,수거함 설치,대전 동구 동대전로46번길 120 ,공동주택(아파트 등),무상,36.323863, 127.439955
11858,인동참좋은아파트,중소폐가전,수거함 설치,대전 동구 대전로 706 ,공동주택(아파트 등),무상,36.323291, 127.437384
11859,인동현대아파트,중소폐가전,수거함 설치,대전 동구 대전로 664 ,공동주택(아파트 등),무상,36.319631, 127.440093
11862,천동휴먼시아2단지,중소폐가전,수거함 설치,대전 동구 대전로542번길 78-1 ,공동주택(아파트 등),무상,36.314801, 127.448905
11863,청룡아파트,중소폐가전,수거함 설치,대전 동구 홍도동 56-1 ,공동주택(아파트 등),무상,36.347429, 127.427208
11864,초록마을5단지아파트,중소폐가전,수거함 설치,대전 서구 유등로17번길 109 ,공동주택(아파트 등),무상,36.298137, 127.373504
11865,파밀리에아파트,중소폐가전,수거함 설치,대전 동구 동산초교로 46 ,공동주택(아파트 등),무상,36.348027, 127.425565
11866,한마루럭키아파트,중소폐가전,수거함 설치,대전 서구 둔산북로 160 ,공동주택(아파트 등),무상,36.354683, 127.392002
11869,효동현대아파트,중소폐가전,수거함 설치,대전 동구 대전로 646 ,공동주택(아파트 등),무상,36.318097, 127.440808
1969,노은3지구 새미래숲아파트,중소폐가전,수거함 설치,대전광역시 유성구 지족로190번길 16(지족동) ,공동주택(아파트 등),무상,36.380539, 127.303371
1970,노은3지구 에코힐 7단지,중소폐가전,수거함 설치,대전광역시 유성구 지족로190번길 39(지족동) ,공동주택(아파트 등),무상,36.382326, 127.305219
1971,노은3지구 해랑숲마을 5단지,중소폐가전,수거함 설치,대전광역시 유성구 지족로 240(지족동) ,공동주택(아파트 등),무상,36.385286, 127.304745
1984,대덕테크노밸리 1단지,중소폐가전,수거함 설치,대전광역시 유성구 배울2로 6(관평동) ,공동주택(아파트 등),무상,36.421415, 127.383371
1985,대덕테크노밸리 3단지,중소폐가전,수거함 설치,대전광역시 유성구 배울2로 24(관평동) ,공동주택(아파트 등),무상,36.421379, 127.385756
2002,대전센트럴자이1단지아파트,중소폐가전,수거함 설치,대전광역시 중구 충무로 107번길 100 ,공동주택(아파트 등),무상,36.322328, 127.427825
2027,도안10단지 휴먼시아10단지,중소폐가전,수거함 설치,대전광역시 유성구 원신흥로 37(원신흥동) ,공동주택(아파트 등),무상,36.339718, 127.340192
2028,도안1단지 LH 도안마을1단지,중소폐가전,수거함 설치,대전광역시 유성구 도안대로 560(봉명동) ,공동주택(아파트 등),무상,36.350358, 127.342443
2029,도안LH행복2단지,중소폐가전,수거함 설치,대전광역시 유성구 원신흥남로27번길 68(원신흥동) ,공동주택(아파트 등),무상,36.333685, 127.335213
2059,레자미멀티홈,중소폐가전,수거함 설치,"대전광역시 유성구 온천북로 7, 2층(봉명동, 레자미 멀티홈) ",공동주택(아파트 등),무상,36.357520, 127.343808
2090,반석 더 샵,중소폐가전,수거함 설치,대전광역시 유성구 반석로 80(반석동) ,공동주택(아파트 등),무상,36.391582, 127.305067
2100,법동주공2단지아파트,중소폐가전,수거함 설치,대전광역시 대덕구 계족로663번길29 ,공동주택(아파트 등),무상,36.369588, 127.425387
2175,삼익둥지아파트,중소폐가전,수거함 설치,대전광역시 대덕구 신상로21 ,공동주택(아파트 등),무상,36.355817, 127.455930
2256,송강마을 1단지,중소폐가전,수거함 설치,대전광역시 유성구 봉산로 45(송강동) ,공동주택(아파트 등),무상,36.437410, 127.384850
2257,송림마을 5단지,중소폐가전,수거함 설치,대전광역시 유성구 노은로 416(하기동) ,공동주택(아파트 등),무상,36.389983, 127.329859
2341,열매마을 10단지,중소폐가전,수거함 설치,대전광역시 유성구 노은동로 111(노은동) ,공동주택(아파트 등),무상,36.370198, 127.321972
2381,용전한숲아파트,중소폐가전,수거함 설치,대전광역시 동구 계족로 489번길 73 ,공동주택(아파트 등),무상,36.354276, 127.428473
2397,운암네오미아아파트,중소폐가전,수거함 설치,대전광역시 유성구 덕명로 26 (덕명동) ,공동주택(아파트 등),무상,36.357349, 127.301527
2476,죽동 금성백조예미지아파트,중소폐가전,수거함 설치,대전광역시 유성구 죽동로 321(죽동) ,공동주택(아파트 등),무상,36.368569, 127.336366
2487,중촌현대아파트,중소폐가전,수거함 설치,대전광역시 중구 목중로 26번길 29 ,공동주택(아파트 등),무상,36.338034, 127.411213
2531,큰솔5차아파트,중소폐가전,수거함 설치,대전광역시 동구 동서대로1572번길165 ,공동주택(아파트 등),무상,36.341661, 127.434021
2580,학하리슈빌 학의뜰,중소폐가전,수거함 설치,대전광역시 유성구 학하로 33(계산동) ,공동주택(아파트 등),무상,36.338008, 127.301600
2591,한솔아파트,중소폐가전,수거함 설치,대전광역시 유성구 송강로 15(송강동) ,공동주택(아파트 등),무상,36.432011, 127.385309
9979,롯데하이마트 테크노밸리점,중소폐가전,수거함 설치,"대전 유성구 테크노중앙로 31, (관평동) ",롯데하이마트,무상,36.427478, 127.389335
9982,롯데하이마트 판암점,중소폐가전,수거함 설치,"대전 동구 옥천로 87, (판암동,하이마트) ",롯데하이마트,무상,36.319190, 127.450750
9994,롯데하이마트 유성점,중소폐가전,수거함 설치,"대전 유성구 유성대로 808, (장대동,하이마트) ",롯데하이마트,무상,36.363707, 127.338169
9995,롯데하이마트 유천점,중소폐가전,수거함 설치,"대전 중구 계백로 1538, (유천동) ",롯데하이마트,무상,36.316442, 127.391115
10018,롯데하이마트 정림점,중소폐가전,수거함 설치,"대전 서구 계백로 1338, (정림동,하이마트정림동점) ",롯데하이마트,무상,36.309245, 127.370866
10074,롯데하이마트 용전점,중소폐가전,수거함 설치,"대전 동구 한밭대로 1262, (용전동) ",롯데하이마트,무상,36.355208, 127.436530
10155,롯데하이마트 서대전롯데마트점,중소폐가전,수거함 설치,"대전 유성구 유성대로 26-37, (원내동,롯데마트서대전점) ",롯데하이마트,무상,36.300442, 127.324937
10171,롯데하이마트 둔산점,중소폐가전,수거함 설치,"대전 서구 대덕대로 255, (둔산동,하이마트둔산점) ",롯데하이마트,무상,36.355541, 127.378981
10229,롯데하이마트 노은롯데마트점,중소폐가전,수거함 설치,"대전 유성구 북유성대로 206, (하기동) ",롯데하이마트,무상,36.384178, 127.321651
10238,롯데하이마트 대덕롯데마트점,중소폐가전,수거함 설치,"대전 유성구 테크노중앙로 14, (관평동,롯데마트대덕테크노밸리점) ",롯데하이마트,무상,36.426978, 127.386961
10257,롯데하이마트 NC대전유성점,중소폐가전,수거함 설치,대전 유성구 계룡로 119 NC대전유성점 8층 ,롯데하이마트,무상,36.353834, 127.344021
10279,롯데하이마트 관저점,중소폐가전,수거함 설치,"대전 유성구 계백로 947, (원내동) ",롯데하이마트,무상,36.301736, 127.329038
11714,(송강)청솔아파트 ,중소폐가전,수거함 설치,대전 유성구 송강로42번길 61 (송강동) ,공동주택(아파트 등),무상,36.435574, 127.382568
11715,관평동 행정복지센터,중소폐가전,수거함 설치,대전 유성구 관평2로 42 (관평동) ,"지자체(구청, 행정복지센터 등)",무상,36.423266, 127.388830
11716,구즉동 행정복지센터,중소폐가전,수거함 설치,대전 유성구 금남구즉로 1442 (봉산동) ,"지자체(구청, 행정복지센터 등)",무상,36.440469, 127.383657
11718,노은1동 행정복지센터,중소폐가전,수거함 설치,대전 유성구 노은동로87번길 89 (노은동) ,"지자체(구청, 행정복지센터 등)",무상,36.368229, 127.318502
11719,노은2동 행정복지센터,중소폐가전,수거함 설치,대전 유성구 송림로19번길 35 (하기동) ,"지자체(구청, 행정복지센터 등)",무상,36.389385, 127.320752
11721,노은4단지 한화 꿈에그린 1블록 ,중소폐가전,수거함 설치,대전 유성구 지족북로 33 (지족동) ,공동주택(아파트 등),무상,36.388281, 127.301393
11723,대덕테크노밸리 푸르지오하임 2단지,중소폐가전,수거함 설치,대전 유성구 배울1로 147 (용산동) ,공동주택(아파트 등),무상,36.419858, 127.382090
11725,도룡 SK VIEW,중소폐가전,수거함 설치,대전 유성구 가정로 306-6 (도룡동) ,공동주택(아파트 등),무상,36.385091, 127.375325
11726,드림월드 ,중소폐가전,수거함 설치,대전 유성구 문화원로 13 (장대동) ,공동주택(아파트 등),무상,36.362682, 127.338363
11729,반석마을 5단지,중소폐가전,수거함 설치,대전 유성구 반석동로 33 (반석동) ,공동주택(아파트 등),무상,36.389717, 127.310519
11730,반석마을 7단지 ,중소폐가전,수거함 설치,대전 유성구 반석서로 109 (반석동) ,공동주택(아파트 등),무상,36.395977, 127.309376
11731,반석마을 8단지 ,중소폐가전,수거함 설치,대전 유성구 반석동로 82 (반석동) ,공동주택(아파트 등),무상,36.394854, 127.311546
11732,봉산휴먼시아2단지 ,중소폐가전,수거함 설치,대전 유성구 와룡로136번길 75 (봉산동) ,공동주택(아파트 등),무상,36.439530, 127.385546
11734,송강한마을아파트 ,중소폐가전,수거함 설치,대전 유성구 구즉로 16 (송강동) ,공동주택(아파트 등),무상,36.430024, 127.383807
11735,송림마을 2단지 ,중소폐가전,수거함 설치,대전 유성구 송림로 20 (하기동) ,공동주택(아파트 등),무상,36.387026, 127.320892
11737,송림마을 6단지 ,중소폐가전,수거함 설치,대전 유성구 노은로426번길 15 (하기동) ,공동주택(아파트 등),무상,36.389798, 127.331537
11738,스마트시티(2단지),중소폐가전,수거함 설치,대전 유성구 엑스포로123번길 65-38 (도룡동) ,공동주택(아파트 등),무상,36.378408, 127.392583
11739,스마트시티(5단지) ,중소폐가전,수거함 설치,대전 유성구 엑스포로123번길 46-15 (도룡동) ,공동주택(아파트 등),무상,36.377295, 127.394813
11740,스타돔아파트,중소폐가전,수거함 설치,대전 유성구 노은로 71 (노은동) ,공동주택(아파트 등),무상,36.366056, 127.317226
11741,신성동 행정복지센터,중소폐가전,수거함 설치,대전 유성구 신성로 55 (하기동) ,"지자체(구청, 행정복지센터 등)",무상,36.395129, 127.351804
11742,엘에이치네이처뷰 ,중소폐가전,수거함 설치,대전 유성구 지족로148번길 22 (지족동) ,공동주택(아파트 등),무상,36.376480, 127.303728
11743,열매마을 11단지 ,중소폐가전,수거함 설치,대전 유성구 왕가봉로 23 (노은동) ,공동주택(아파트 등),무상,36.365241, 127.314344
11744,열매마을 2단지 ,중소폐가전,수거함 설치,대전 유성구 노은동로 233 (지족동) ,공동주택(아파트 등),무상,36.380016, 127.319289
11745,열매마을 4단지 ,중소폐가전,수거함 설치,대전 유성구 노은서로210번길 32 (지족동) ,공동주택(아파트 등),무상,36.377419, 127.316461
11746,열매마을 8단지 ,중소폐가전,수거함 설치,대전 유성구 은구비남로 34 (노은동) ,공동주택(아파트 등),무상,36.370765, 127.319630
11747,온천1동 행정복지센터,중소폐가전,수거함 설치,대전 유성구 도안대로589번길 35 (봉명동) ,"지자체(구청, 행정복지센터 등)",무상,36.353071, 127.338911
11748,온천2동 행정복지센터,중소폐가전,수거함 설치,대전 유성구 장대로 120 (장대동) ,"지자체(구청, 행정복지센터 등)",무상,36.365318, 127.333502
11750,월드컵패밀리타운 ,중소폐가전,수거함 설치,대전 유성구 유성대로783번길 38 (장대동) ,공동주택(아파트 등),무상,36.363773, 127.336088
11752,장대푸르지오 ,중소폐가전,수거함 설치,대전 유성구 장대로71번길 34 (장대동) ,공동주택(아파트 등),무상,36.361348, 127.332046
11755,죽동대원칸타빌,중소폐가전,수거함 설치,대전 유성구 죽동로 39 (죽동) ,공동주택(아파트 등),무상,36.370058, 127.333503
11756,죽동푸르지오 ,중소폐가전,수거함 설치,대전 유성구 죽동로 251 (죽동) ,공동주택(아파트 등),무상,36.374132, 127.339217
11757,진잠동 행정복지센터,중소폐가전,수거함 설치,대전 유성구 원내로39번길 10 (원내동) ,"지자체(구청, 행정복지센터 등)",무상,36.299740, 127.316417
11759,테크노밸리 5단지 ,중소폐가전,수거함 설치,대전 유성구 배울2로 42 (관평동) ,공동주택(아파트 등),무상,36.420008, 127.387051
11760,테크노밸리 6단지,중소폐가전,수거함 설치,대전 유성구 배울2로 78 (관평동) ,공동주택(아파트 등),무상,36.419516, 127.390198
11761,테크노밸리 9단지 ,중소폐가전,수거함 설치,대전 유성구 배울2로 19 (관평동) ,공동주택(아파트 등),무상,36.422904, 127.386609
11762,트리풀시티포레 아파트,중소폐가전,수거함 설치,대전 유성구 지족로190번길 36 (지족동) ,공동주택(아파트 등),무상,36.380802, 127.304993
11763,한울아파트 ,중소폐가전,수거함 설치,대전 유성구 가정로 43 (신성동) ,공동주택(아파트 등),무상,36.385932, 127.347042
11767,도안7단지예미지아파트,중소폐가전,수거함 설치,대전 유성구 봉명로 94 (봉명동) ,공동주택(아파트 등),무상,36.346994, 127.346218
11768,도안천년나무11단지,중소폐가전,수거함 설치,대전 유성구 봉명로 16 (원신흥동) ,공동주택(아파트 등),무상,36.340254, 127.346082
11769,드리움 1단지 ,중소폐가전,수거함 설치,대전 유성구 대정로28번길 50 (대정동) ,공동주택(아파트 등),무상,36.313684, 127.323130
11770,드리움 2단지 ,중소폐가전,수거함 설치,대전 유성구 대정로28번안길 80 (대정동) ,공동주택(아파트 등),무상,36.312542, 127.322350
11775,문화마을금호어울림아파트,중소폐가전,수거함 설치,대전 중구 계백로 1716번길 40 ,공동주택(아파트 등),무상,36.320016, 127.411420
11779,사이언스타운,중소폐가전,수거함 설치,대전 유성구 온천로 60 (봉명동) ,공동주택(아파트 등),무상,36.354616, 127.344288
11782,삼정하이츠아파트,중소폐가전,수거함 설치,대전 유성구 유성대로668번길 29 (구암동) ,공동주택(아파트 등),무상,36.353432, 127.331730
11783,삼호아파트,중소폐가전,수거함 설치,대전 대덕구 계족로663번길32 ,공동주택(아파트 등),무상,36.354040, 127.447894
11786,선비마을(3단지),중소폐가전,수거함 설치,대전 대덕구 동춘당로 114번길 60 ,공동주택(아파트 등),무상,36.367962, 127.441392
11793,세움펠리피아 ,중소폐가전,수거함 설치,대전 유성구 계룡로52번길 11 (봉명동) ,공동주택(아파트 등),무상,35.876641, 127.075105
11794,스카이뷰시티,중소폐가전,수거함 설치,대전 유성구 온천북로13번길 21 (봉명동) ,공동주택(아파트 등),무상,36.358235, 127.344515
11795,신안인스빌리베라 ,중소폐가전,수거함 설치,대전 유성구 봉명로 48 (원신흥동) ,공동주택(아파트 등),무상,36.342957, 127.345595
11796,영진로얄아파트,중소폐가전,수거함 설치,대전 대덕구 아리랑로211 ,공동주택(아파트 등),무상,36.361817, 127.421957
11799,운암네오미아아파트,중소폐가전,수거함 설치,대전 유성구 덕명로 26 (덕명동) ,공동주택(아파트 등),무상,36.358052, 127.301475
11800,유성숲 오투그란데 3차,중소폐가전,수거함 설치,대전 유성구 학하중앙로 60 (덕명동) ,공동주택(아파트 등),무상,36.346144, 127.300325
11801,유성푸르지오시티 ,중소폐가전,수거함 설치,대전 유성구 온천로 45 (봉명동) ,공동주택(아파트 등),무상,36.355827, 127.342723
11802,유천1차현대아파트,중소폐가전,수거함 설치,대전 중구 계백로 1615번길 34 ,공동주택(아파트 등),무상,36.321461, 127.400868
11803,제이파크아파트,중소폐가전,수거함 설치,대전 유성구 진잠로149번길 24 (교촌동) ,공동주택(아파트 등),무상,36.304508, 127.318732
11804,주공3단지아파트,중소폐가전,수거함 설치,대전 대덕구 계족로663번길34 ,공동주택(아파트 등),무상,36.371292, 127.425351
11808,트리풀시티 9단지 ,중소폐가전,수거함 설치,대전 유성구 상대남로 26 (상대동) ,공동주택(아파트 등),무상,36.340769, 127.335609
11809,판암 참좋은 아파트,중소폐가전,수거함 설치,대전 동구 옥천로 180번길 67 ,공동주택(아파트 등),무상,36.314747, 127.460875
11811,평화로운아파트,중소폐가전,수거함 설치,대전 대덕구 대덕대로 1520번길 77 ,공동주택(아파트 등),무상,36.446425, 127.416166
11812,하우스토리아파트,중소폐가전,수거함 설치,대전 유성구 덕명로 63 (덕명동) ,공동주택(아파트 등),무상,36.358334, 127.305434
11813,한빛아파트 ,중소폐가전,수거함 설치,대전 유성구 어은로 57 (어은동) ,공동주택(아파트 등),무상,36.364873, 127.355623
11814,한승미메이드아파트,중소폐가전,수거함 설치,대전 유성구 진잠로149번길 30 (교촌동) ,공동주택(아파트 등),무상,36.306966845,127.318913128
11827,문화주공1단지아파트,중소폐가전,수거함 설치,대전 중구 보문산로 161번길 55 ,공동주택(아파트 등),무상,36.307640, 127.396609
11834,삼정하이츠타운아파트,중소폐가전,수거함 설치,대전 대덕구 계족로663번길30 ,공동주택(아파트 등),무상,36.373122, 127.427163
11844,영진상록아파트,중소폐가전,수거함 설치,대전 대덕구 계족로521번길 79(중리동) ,공동주택(아파트 등),무상,36.357946, 127.428513
11850,유원아파트,중소폐가전,수거함 설치,대전 대덕구 계족로663번길23 ,공동주택(아파트 등),무상,36.370002, 127.428022
11860,주공2단지아파트,중소폐가전,수거함 설치,대전 대덕구 계족로663번길29 ,공동주택(아파트 등),무상,36.369482, 127.425408
11861,중촌현대아파트,중소폐가전,수거함 설치,대전 중구 목중로 26번길 29 ,공동주택(아파트 등),무상,36.337998, 127.411011
11868,한신휴플러스보로미아파트(2개 단지),중소폐가전,수거함 설치,대전 중구 계백로 1686번길 16 ,공동주택(아파트 등),무상,36.319982, 127.406360
